nm,brth_yr
ABIGAIL,2011
ABIGAIL,2011
ABIGAIL,2011
ABIGAIL,2011
ABIGAIL,2011
ABIGAIL,2011
ADA,2011
ADA,2011
ADA,2011
ADA,2011
ADA,2011
ADA,2011
AISHA,2011
AISHA,2011
AISHA,2011
AISHA,2011
AISHA,2011
AISHA,2011
AIZA,2011
AIZA,2011
AIZA,2011
AIZA,2011
AIZA,2011
AIZA,2011
ALEENA,2011
ALEENA,2011
ALEENA,2011
ALEENA,2011
ALEENA,2011
ALEENA,2011
ALEXA,2011
ALEXA,2011
ALEXA,2011
ALEXA,2011
ALEXA,2011
ALEXA,2011
ALEXANDRA,2011
ALEXANDRA,2011
ALEXANDRA,2011
ALEXANDRA,2011
ALEXANDRA,2011
ALEXANDRA,2011
ALICE,2011
ALICE,2011
ALICE,2011
ALICE,2011
ALICE,2011
ALICE,2011
ALINA,2011
ALINA,2011
ALINA,2011
ALINA,2011
ALINA,2011
ALINA,2011
ALISHA,2011
ALISHA,2011
ALISHA,2011
ALISHA,2011
ALISHA,2011
ALISHA,2011
ALIYAH,2011
ALIYAH,2011
ALIYAH,2011
ALIYAH,2011
ALIYAH,2011
ALIYAH,2011
ALLISON,2011
ALLISON,2011
ALLISON,2011
ALLISON,2011
ALLISON,2011
ALLISON,2011
ALYSSA,2011
ALYSSA,2011
ALYSSA,2011
ALYSSA,2011
ALYSSA,2011
ALYSSA,2011
AMANDA,2011
AMANDA,2011
AMANDA,2011
AMANDA,2011
AMANDA,2011
AMANDA,2011
AMBER,2011
AMBER,2011
AMBER,2011
AMBER,2011
AMBER,2011
AMBER,2011
AMELIA,2011
AMELIA,2011
AMELIA,2011
AMELIA,2011
AMELIA,2011
AMELIA,2011
AMY,2011
AMY,2011
AMY,2011
AMY,2011
AMY,2011
AMY,2011
ANGEL,2011
ANGEL,2011
ANGEL,2011
ANGEL,2011
ANGEL,2011
ANGEL,2011
ANGELA,2011
ANGELA,2011
ANGELA,2011
ANGELA,2011
ANGELA,2011
ANGELA,2011
ANGELINA,2011
ANGELINA,2011
ANGELINA,2011
ANGELINA,2011
ANGELINA,2011
ANGELINA,2011
ANGIE,2011
ANGIE,2011
ANGIE,2011
ANGIE,2011
ANGIE,2011
ANGIE,2011
ANIKA,2011
ANIKA,2011
ANIKA,2011
ANIKA,2011
ANIKA,2011
ANIKA,2011
ANNA,2011
ANNA,2011
ANNA,2011
ANNA,2011
ANNA,2011
ANNA,2011
ANNABELLE,2011
ANNABELLE,2011
ANNABELLE,2011
ANNABELLE,2011
ANNABELLE,2011
ANNABELLE,2011
ANNIE,2011
ANNIE,2011
ANNIE,2011
ANNIE,2011
ANNIE,2011
ANNIE,2011
ARIA,2011
ARIA,2011
ARIA,2011
ARIA,2011
ARIA,2011
ARIA,2011
ARIANA,2011
ARIANA,2011
ARIANA,2011
ARIANA,2011
ARIANA,2011
ARIANA,2011
ARIANNA,2011
ARIANNA,2011
ARIANNA,2011
ARIANNA,2011
ARIANNA,2011
ARIANNA,2011
ARYA,2011
ARYA,2011
ARYA,2011
ARYA,2011
ARYA,2011
ARYA,2011
ASHLEY,2011
ASHLEY,2011
ASHLEY,2011
ASHLEY,2011
ASHLEY,2011
ASHLEY,2011
AUDREY,2011
AUDREY,2011
AUDREY,2011
AUDREY,2011
AUDREY,2011
AUDREY,2011
AVA,2011
AVA,2011
AVA,2011
AVA,2011
AVA,2011
AVA,2011
AYESHA,2011
AYESHA,2011
AYESHA,2011
AYESHA,2011
AYESHA,2011
AYESHA,2011
BELLA,2011
BELLA,2011
BELLA,2011
BELLA,2011
BELLA,2011
BELLA,2011
BONNIE,2011
BONNIE,2011
BONNIE,2011
BONNIE,2011
BONNIE,2011
BONNIE,2011
BRIANNA,2011
BRIANNA,2011
BRIANNA,2011
BRIANNA,2011
BRIANNA,2011
BRIANNA,2011
CATHERINE,2011
CATHERINE,2011
CATHERINE,2011
CATHERINE,2011
CATHERINE,2011
CATHERINE,2011
CECILIA,2011
CECILIA,2011
CECILIA,2011
CECILIA,2011
CECILIA,2011
CECILIA,2011
CHARLOTTE,2011
CHARLOTTE,2011
CHARLOTTE,2011
CHARLOTTE,2011
CHARLOTTE,2011
CHARLOTTE,2011
CHLOE,2011
CHLOE,2011
CHLOE,2011
CHLOE,2011
CHLOE,2011
CHLOE,2011
CHRISTINA,2011
CHRISTINA,2011
CHRISTINA,2011
CHRISTINA,2011
CHRISTINA,2011
CHRISTINA,2011
CHRISTINE,2011
CHRISTINE,2011
CHRISTINE,2011
CHRISTINE,2011
CHRISTINE,2011
CHRISTINE,2011
CHRISTY,2011
CHRISTY,2011
CHRISTY,2011
CHRISTY,2011
CHRISTY,2011
CHRISTY,2011
CINDY,2011
CINDY,2011
CINDY,2011
CINDY,2011
CINDY,2011
CINDY,2011
CLAIRE,2011
CLAIRE,2011
CLAIRE,2011
CLAIRE,2011
CLAIRE,2011
CLAIRE,2011
CYNTHIA,2011
CYNTHIA,2011
CYNTHIA,2011
CYNTHIA,2011
CYNTHIA,2011
CYNTHIA,2011
DAISY,2011
DAISY,2011
DAISY,2011
DAISY,2011
DAISY,2011
DAISY,2011
DIYA,2011
DIYA,2011
DIYA,2011
DIYA,2011
DIYA,2011
DIYA,2011
EILEEN,2011
EILEEN,2011
EILEEN,2011
EILEEN,2011
EILEEN,2011
EILEEN,2011
ELAINE,2011
ELAINE,2011
ELAINE,2011
ELAINE,2011
ELAINE,2011
ELAINE,2011
ELENA,2011
ELENA,2011
ELENA,2011
ELENA,2011
ELENA,2011
ELENA,2011
ELINA,2011
ELINA,2011
ELINA,2011
ELINA,2011
ELINA,2011
ELINA,2011
ELIZABETH,2011
ELIZABETH,2011
ELIZABETH,2011
ELIZABETH,2011
ELIZABETH,2011
ELIZABETH,2011
ELLA,2011
ELLA,2011
ELLA,2011
ELLA,2011
ELLA,2011
ELLA,2011
EMILY,2011
EMILY,2011
EMILY,2011
EMILY,2011
EMILY,2011
EMILY,2011
EMMA,2011
EMMA,2011
EMMA,2011
EMMA,2011
EMMA,2011
EMMA,2011
ERICA,2011
ERICA,2011
ERICA,2011
ERICA,2011
ERICA,2011
ERICA,2011
ERIKA,2011
ERIKA,2011
ERIKA,2011
ERIKA,2011
ERIKA,2011
ERIKA,2011
ERIN,2011
ERIN,2011
ERIN,2011
ERIN,2011
ERIN,2011
ERIN,2011
ESHAL,2011
ESHAL,2011
ESHAL,2011
ESHAL,2011
ESHAL,2011
ESHAL,2011
EVA,2011
EVA,2011
EVA,2011
EVA,2011
EVA,2011
EVA,2011
EVELYN,2011
EVELYN,2011
EVELYN,2011
EVELYN,2011
EVELYN,2011
EVELYN,2011
FATIMA,2011
FATIMA,2011
FATIMA,2011
FATIMA,2011
FATIMA,2011
FATIMA,2011
FIONA,2011
FIONA,2011
FIONA,2011
FIONA,2011
FIONA,2011
FIONA,2011
GIANNA,2011
GIANNA,2011
GIANNA,2011
GIANNA,2011
GIANNA,2011
GIANNA,2011
GRACE,2011
GRACE,2011
GRACE,2011
GRACE,2011
GRACE,2011
GRACE,2011
HAILEY,2011
HAILEY,2011
HAILEY,2011
HAILEY,2011
HAILEY,2011
HAILEY,2011
HANNAH,2011
HANNAH,2011
HANNAH,2011
HANNAH,2011
HANNAH,2011
HANNAH,2011
HELEN,2011
HELEN,2011
HELEN,2011
HELEN,2011
HELEN,2011
HELEN,2011
IRENE,2011
IRENE,2011
IRENE,2011
IRENE,2011
IRENE,2011
IRENE,2011
IRIS,2011
IRIS,2011
IRIS,2011
IRIS,2011
IRIS,2011
IRIS,2011
ISABEL,2011
ISABEL,2011
ISABEL,2011
ISABEL,2011
ISABEL,2011
ISABEL,2011
ISABELLA,2011
ISABELLA,2011
ISABELLA,2011
ISABELLA,2011
ISABELLA,2011
ISABELLA,2011
ISABELLE,2011
ISABELLE,2011
ISABELLE,2011
ISABELLE,2011
ISABELLE,2011
ISABELLE,2011
IVY,2011
IVY,2011
IVY,2011
IVY,2011
IVY,2011
IVY,2011
JANICE,2011
JANICE,2011
JANICE,2011
JANICE,2011
JANICE,2011
JANICE,2011
JANNAT,2011
JANNAT,2011
JANNAT,2011
JANNAT,2011
JANNAT,2011
JANNAT,2011
JASMINE,2011
JASMINE,2011
JASMINE,2011
JASMINE,2011
JASMINE,2011
JASMINE,2011
JENNIFER,2011
JENNIFER,2011
JENNIFER,2011
JENNIFER,2011
JENNIFER,2011
JENNIFER,2011
JENNY,2011
JENNY,2011
JENNY,2011
JENNY,2011
JENNY,2011
JENNY,2011
JESSICA,2011
JESSICA,2011
JESSICA,2011
JESSICA,2011
JESSICA,2011
JESSICA,2011
JESSIE,2011
JESSIE,2011
JESSIE,2011
JESSIE,2011
JESSIE,2011
JESSIE,2011
JIA,2011
JIA,2011
JIA,2011
JIA,2011
JIA,2011
JIA,2011
JOANNA,2011
JOANNA,2011
JOANNA,2011
JOANNA,2011
JOANNA,2011
JOANNA,2011
JOCELYN,2011
JOCELYN,2011
JOCELYN,2011
JOCELYN,2011
JOCELYN,2011
JOCELYN,2011
JOY,2011
JOY,2011
JOY,2011
JOY,2011
JOY,2011
JOY,2011
JOYCE,2011
JOYCE,2011
JOYCE,2011
JOYCE,2011
JOYCE,2011
JOYCE,2011
JULIA,2011
JULIA,2011
JULIA,2011
JULIA,2011
JULIA,2011
JULIA,2011
KAITLYN,2011
KAITLYN,2011
KAITLYN,2011
KAITLYN,2011
KAITLYN,2011
KAITLYN,2011
KAREN,2011
KAREN,2011
KAREN,2011
KAREN,2011
KAREN,2011
KAREN,2011
KATE,2011
KATE,2011
KATE,2011
KATE,2011
KATE,2011
KATE,2011
KATELYN,2011
KATELYN,2011
KATELYN,2011
KATELYN,2011
KATELYN,2011
KATELYN,2011
KATHERINE,2011
KATHERINE,2011
KATHERINE,2011
KATHERINE,2011
KATHERINE,2011
KATHERINE,2011
KATIE,2011
KATIE,2011
KATIE,2011
KATIE,2011
KATIE,2011
KATIE,2011
KAYLA,2011
KAYLA,2011
KAYLA,2011
KAYLA,2011
KAYLA,2011
KAYLA,2011
KAYLEE,2011
KAYLEE,2011
KAYLEE,2011
KAYLEE,2011
KAYLEE,2011
KAYLEE,2011
KELLY,2011
KELLY,2011
KELLY,2011
KELLY,2011
KELLY,2011
KELLY,2011
KHLOE,2011
KHLOE,2011
KHLOE,2011
KHLOE,2011
KHLOE,2011
KHLOE,2011
KYLIE,2011
KYLIE,2011
KYLIE,2011
KYLIE,2011
KYLIE,2011
KYLIE,2011
LAUREN,2011
LAUREN,2011
LAUREN,2011
LAUREN,2011
LAUREN,2011
LAUREN,2011
LEAH,2011
LEAH,2011
LEAH,2011
LEAH,2011
LEAH,2011
LEAH,2011
LEELA,2011
LEELA,2011
LEELA,2011
LEELA,2011
LEELA,2011
LEELA,2011
LILLIAN,2011
LILLIAN,2011
LILLIAN,2011
LILLIAN,2011
LILLIAN,2011
LILLIAN,2011
LILY,2011
LILY,2011
LILY,2011
LILY,2011
LILY,2011
LILY,2011
MADISON,2011
MADISON,2011
MADISON,2011
MADISON,2011
MADISON,2011
MADISON,2011
MAGGIE,2011
MAGGIE,2011
MAGGIE,2011
MAGGIE,2011
MAGGIE,2011
MAGGIE,2011
MANDY,2011
MANDY,2011
MANDY,2011
MANDY,2011
MANDY,2011
MANDY,2011
MARYAM,2011
MARYAM,2011
MARYAM,2011
MARYAM,2011
MARYAM,2011
MARYAM,2011
MAYA,2011
MAYA,2011
MAYA,2011
MAYA,2011
MAYA,2011
MAYA,2011
MEGAN,2011
MEGAN,2011
MEGAN,2011
MEGAN,2011
MEGAN,2011
MEGAN,2011
MELODY,2011
MELODY,2011
MELODY,2011
MELODY,2011
MELODY,2011
MELODY,2011
MIA,2011
MIA,2011
MIA,2011
MIA,2011
MIA,2011
MIA,2011
MICHELLE,2011
MICHELLE,2011
MICHELLE,2011
MICHELLE,2011
MICHELLE,2011
MICHELLE,2011
MILA,2011
MILA,2011
MILA,2011
MILA,2011
MILA,2011
MILA,2011
MINA,2011
MINA,2011
MINA,2011
MINA,2011
MINA,2011
MINA,2011
NATALIE,2011
NATALIE,2011
NATALIE,2011
NATALIE,2011
NATALIE,2011
NATALIE,2011
NICOLE,2011
NICOLE,2011
NICOLE,2011
NICOLE,2011
NICOLE,2011
NICOLE,2011
NINA,2011
NINA,2011
NINA,2011
NINA,2011
NINA,2011
NINA,2011
OLIVIA,2011
OLIVIA,2011
OLIVIA,2011
OLIVIA,2011
OLIVIA,2011
OLIVIA,2011
PHOEBE,2011
PHOEBE,2011
PHOEBE,2011
PHOEBE,2011
PHOEBE,2011
PHOEBE,2011
QUEENIE,2011
QUEENIE,2011
QUEENIE,2011
QUEENIE,2011
QUEENIE,2011
QUEENIE,2011
RACHEL,2011
RACHEL,2011
RACHEL,2011
RACHEL,2011
RACHEL,2011
RACHEL,2011
RAINA,2011
RAINA,2011
RAINA,2011
RAINA,2011
RAINA,2011
RAINA,2011
REBECCA,2011
REBECCA,2011
REBECCA,2011
REBECCA,2011
REBECCA,2011
REBECCA,2011
RENEE,2011
RENEE,2011
RENEE,2011
RENEE,2011
RENEE,2011
RENEE,2011
SABRINA,2011
SABRINA,2011
SABRINA,2011
SABRINA,2011
SABRINA,2011
SABRINA,2011
SAMANTHA,2011
SAMANTHA,2011
SAMANTHA,2011
SAMANTHA,2011
SAMANTHA,2011
SAMANTHA,2011
SARA,2011
SARA,2011
SARA,2011
SARA,2011
SARA,2011
SARA,2011
SARAH,2011
SARAH,2011
SARAH,2011
SARAH,2011
SARAH,2011
SARAH,2011
SELENA,2011
SELENA,2011
SELENA,2011
SELENA,2011
SELENA,2011
SELENA,2011
SELINA,2011
SELINA,2011
SELINA,2011
SELINA,2011
SELINA,2011
SELINA,2011
SERENA,2011
SERENA,2011
SERENA,2011
SERENA,2011
SERENA,2011
SERENA,2011
SHARON,2011
SHARON,2011
SHARON,2011
SHARON,2011
SHARON,2011
SHARON,2011
SHIRLEY,2011
SHIRLEY,2011
SHIRLEY,2011
SHIRLEY,2011
SHIRLEY,2011
SHIRLEY,2011
SOFIA,2011
SOFIA,2011
SOFIA,2011
SOFIA,2011
SOFIA,2011
SOFIA,2011
SOPHIA,2011
SOPHIA,2011
SOPHIA,2011
SOPHIA,2011
SOPHIA,2011
SOPHIA,2011
SOPHIE,2011
SOPHIE,2011
SOPHIE,2011
SOPHIE,2011
SOPHIE,2011
SOPHIE,2011
STELLA,2011
STELLA,2011
STELLA,2011
STELLA,2011
STELLA,2011
STELLA,2011
STEPHANIE,2011
STEPHANIE,2011
STEPHANIE,2011
STEPHANIE,2011
STEPHANIE,2011
STEPHANIE,2011
SYEDA,2011
SYEDA,2011
SYEDA,2011
SYEDA,2011
SYEDA,2011
SYEDA,2011
TANISHA,2011
TANISHA,2011
TANISHA,2011
TANISHA,2011
TANISHA,2011
TANISHA,2011
TENZIN,2011
TENZIN,2011
TENZIN,2011
TENZIN,2011
TENZIN,2011
TENZIN,2011
TIFFANY,2011
TIFFANY,2011
TIFFANY,2011
TIFFANY,2011
TIFFANY,2011
TIFFANY,2011
TINA,2011
TINA,2011
TINA,2011
TINA,2011
TINA,2011
TINA,2011
VANESSA,2011
VANESSA,2011
VANESSA,2011
VANESSA,2011
VANESSA,2011
VANESSA,2011
VICKY,2011
VICKY,2011
VICKY,2011
VICKY,2011
VICKY,2011
VICKY,2011
VICTORIA,2011
VICTORIA,2011
VICTORIA,2011
VICTORIA,2011
VICTORIA,2011
VICTORIA,2011
VIVIAN,2011
VIVIAN,2011
VIVIAN,2011
VIVIAN,2011
VIVIAN,2011
VIVIAN,2011
WENDY,2011
WENDY,2011
WENDY,2011
WENDY,2011
WENDY,2011
WENDY,2011
WINNIE,2011
WINNIE,2011
WINNIE,2011
WINNIE,2011
WINNIE,2011
WINNIE,2011
XIN,2011
XIN,2011
XIN,2011
XIN,2011
XIN,2011
XIN,2011
YU,2011
YU,2011
YU,2011
YU,2011
YU,2011
YU,2011
ZAHRA,2011
ZAHRA,2011
ZAHRA,2011
ZAHRA,2011
ZAHRA,2011
ZAHRA,2011
ZAINAB,2011
ZAINAB,2011
ZAINAB,2011
ZAINAB,2011
ZAINAB,2011
ZAINAB,2011
ZARA,2011
ZARA,2011
ZARA,2011
ZARA,2011
ZARA,2011
ZARA,2011
ZOE,2011
ZOE,2011
ZOE,2011
ZOE,2011
ZOE,2011
ZOE,2011
AALIYAH,2011
AALIYAH,2011
AALIYAH,2011
AALIYAH,2011
AALIYAH,2011
AALIYAH,2011
ABIGAIL,2011
ABIGAIL,2011
ABIGAIL,2011
ABIGAIL,2011
ABIGAIL,2011
ABIGAIL,2011
ADDISON,2011
ADDISON,2011
ADDISON,2011
ADDISON,2011
ADDISON,2011
ADDISON,2011
AICHA,2011
AICHA,2011
AICHA,2011
AICHA,2011
AICHA,2011
AICHA,2011
AISHA,2011
AISHA,2011
AISHA,2011
AISHA,2011
AISHA,2011
AISHA,2011
AISSATOU,2011
AISSATOU,2011
AISSATOU,2011
AISSATOU,2011
AISSATOU,2011
AISSATOU,2011
ALANA,2011
ALANA,2011
ALANA,2011
ALANA,2011
ALANA,2011
ALANA,2011
ALEXIS,2011
ALEXIS,2011
ALEXIS,2011
ALEXIS,2011
ALEXIS,2011
ALEXIS,2011
ALICIA,2011
ALICIA,2011
ALICIA,2011
ALICIA,2011
ALICIA,2011
ALICIA,2011
ALIYAH,2011
ALIYAH,2011
ALIYAH,2011
ALIYAH,2011
ALIYAH,2011
ALIYAH,2011
ALYSSA,2011
ALYSSA,2011
ALYSSA,2011
ALYSSA,2011
